1,Alyssa,Alexander
2,Alyssa,Ashe
3,Alyssa,Bailey
4,Alyssa,Barnes
5,Alyssa,Bradley
6,Alyssa,Brooks
7,Alyssa,Brown
8,Alyssa,Bryant
9,Alyssa,Butler
10,Alyssa,Clark
11,Alyssa,Coleman
12,Alyssa,Cook
13,Alyssa,Cox
14,Alyssa,Cooper
15,Alyssa,Davis
16,Alyssa,Diaz
17,Alyssa,Flores
18,Alyssa,Foster
19,Alyssa,Garcia
20,Alyssa,Gonzales
21,Alyssa,Gray
22,Alyssa,Hall
23,Alyssa,Harris
24,Alyssa,Henderson
25,Alyssa,Howard
26,Alyssa,Hughes
27,Alyssa,Jackson
28,Alyssa,James
29,Alyssa,Jenkins
30,Alyssa,Johnson
31,Alyssa,Jones
32,Alyssa,Kelly
33,Alyssa,Lee
34,Alyssa,Lewis
35,Alyssa,Martin
36,Alyssa,Martinez
37,Alyssa,Miller
38,Alyssa,Morgan
39,Alyssa,Morris
40,Alyssa,Moore
41,Alyssa,Murphy
42,Alyssa,Patterson
43,Alyssa,Perry
44,Alyssa,Powell
45,Alyssa,Price
46,Alyssa,Ramirez
47,Alyssa,Reed
48,Alyssa,Richardson
49,Alyssa,Rivera
50,Alyssa,Robinson
51,Alyssa,Rodriguez
52,Alyssa,Rogers
53,Alyssa,Ross
54,Alyssa,Russell
55,Alyssa,Sanchez
56,Alyssa,Sanders
57,Alyssa,Smith
58,Alyssa,Stewart
59,Alyssa,Taylor
60,Alyssa,Thomas
61,Alyssa,Thompson
62,Alyssa,Ward
63,Alyssa,West
64,Alyssa,White
65,Alyssa,Watson
66,Alyssa,Wilson
67,Alyssa,Wood
68,Cassandra,Van
69,Cassandra,Srini
70,Cassandra,Subram
71,Cassandra,Suri
72,Cassandra,Sanchez
73,Cassandra,Sara
74,Cassandra,Sai
75,Cassandra,Rana
76,Cassandra,Raman
77,Cassandra,Prasad
78,Cassandra,Perez
79,Cassandra,Patel
80,Cassandra,Mehta
81,Cassandra,Martinez
82,Cassandra,Lopez
83,Cassandra,Madan
84,Cassandra,Malhotra
85,Cassandra,Kapoor
86,Cassandra,Gonzalez
87,Cassandra,Garcia
88,Cassandra,Fernandez
89,Cassandra,Chandra
90,Cassandra,Arthur
91,Cassidy,Alexander
92,Cassidy,Barnes
93,Cassidy,Bennett
94,Cassidy,Coleman
95,Cassidy,Butler
96,Cassidy,Bryant
97,Cassidy,Foster
98,Cassidy,Flores
99,Cassidy,Diaz
100,Cassidy,Gonzales
101,Cassidy,Griffin
102,Cassidy,Hayes
103,Cassidy,Long
104,Cassidy,Jenkins
105,Cassidy,Hughes
106,Cassidy,Henderson
107,Cassidy,Perry
108,Cassidy,Patterson
109,Cassidy,Powell
110,Cassidy,Price
111,Cassidy,Russell
112,Cassidy,Ross
113,Cassidy,Simmons
114,Cassidy,Wood
115,Cassidy,Washington
116,Cassie,She
117,Cassie,Sharma
118,Cassie,Sutton
119,Cassie,Shan
120,Cassie,Raje
121,Cassie,Raji
122,Cassie,Xu
123,Cassie,Yuan
124,Cassie,Rai
125,Cassie,Nara
126,Cassie,Nath
127,Cassie,Jai
128,Cassie,Luo
129,Cassie,Lal
130,Cassie,Kennedy
131,Cassie,Goel
132,Cassie,Deng
133,Cassie,Chande
134,Cassie,Chander
135,Cassie,Anand
136,Cassie,Andersen
137,Jesse,Adams
138,Jesse,Allen
139,Jesse,Bell
140,Jesse,Bailey
141,Jesse,Carter
142,Jesse,Campbell
143,Jesse,Baker
144,Jesse,Brooks
145,Jesse,Edwards
146,Jesse,Evans
147,Jesse,Cox
148,Jesse,Cook
149,Jesse,Gray
150,Jesse,Hall
151,Jesse,Gonzalez
152,Jesse,King
153,Jesse,Kelly
154,Jesse,Lopez
155,Jesse,James
156,Jesse,Green
157,Jesse,Hernandez
158,Jesse,Howard
159,Jesse,Murphy
160,Jesse,Morris
161,Jesse,Morgan
162,Jesse,Perez
163,Jesse,Peterson
164,Jesse,Mitchell
165,Jesse,Parker
166,Jesse,Nelson
167,Jesse,Wright
168,Jesse,Young
169,Jesse,Ramirez
170,Jesse,Reed
171,Jesse,Phillips
172,Jesse,Roberts
173,Jesse,Rivera
174,Jesse,Richardson
175,Jesse,Scott
176,Jesse,Sanchez
177,Jesse,Sanders
178,Jesse,Rogers
179,Jesse,Stewart
180,Jesse,Watson
181,Jesse,Turner
182,Jesse,Torres
183,Jesse,Ward
184,Jessica,Ward
185,Jessica,Walker
186,Jessica,Torres
187,Jessica,Watson
188,Jessica,Wilson
189,Jessica,Wood
190,Jessica,White
191,Jessica,Williams
192,Jessica,Stewart
193,Jessica,Smith
194,Jessica,Simmons
195,Jessica,Taylor
196,Jessica,Thompson
197,Jessica,Thomas
198,Jessica,Rogers
199,Jessica,Ross
200,Jessica,Russell
201,Jessica,Sanders
202,Jessica,Sanchez
203,Jessica,Richardson
204,Jessica,Rivera
205,Jessica,Rodriguez
206,Jessica,Robinson
207,Jessica,Reed
208,Jessica,Ramirez
209,Jessica,Patterson
210,Jessica,Perry
211,Jessica,Peterson
212,Jessica,Powell
213,Jessica,Morgan
214,Jessica,Miller
215,Jessica,Martinez
216,Jessica,Martin
217,Jessica,Morris
218,Jessica,Moore
219,Jessica,Murphy
220,Jessica,Howard
221,Jessica,Hughes
222,Jessica,Henderson
223,Jessica,James
224,Jessica,Jackson
225,Jessica,Jenkins
226,Jessica,Johnson
227,Jessica,Long
228,Jessica,Lewis
229,Jessica,Kelly
230,Jessica,Jones
231,Jessica,Lee
232,Jessica,Griffin
233,Jessica,Hall
234,Jessica,Harris
235,Jessica,Gray
236,Jessica,Gonzales
237,Jessica,Garcia
238,Jessica,Cook
239,Jessica,Cox
240,Jessica,Diaz
241,Jessica,Davis
242,Jessica,Cooper
243,Jessica,Flores
244,Jessica,Foster
245,Jessica,Brooks
246,Jessica,Brown
247,Jessica,Bryant
248,Jessica,Butler
249,Jessica,Coleman
250,Jessica,Clark
251,Jessica,Bailey
252,Jessica,Barnes
253,Jessica,Bell
254,Jessica,Bennett
255,Jessica,Alexander
256,Jessica,Anderson
257,Jessie,Alonso
258,Jessie,Alvarez
259,Jessie,Blanco
260,Jessie,Chen
261,Jessie,Carlson
262,Jessie,Cai
263,Jessie,Dominguez
264,Jessie,Gao
265,Jessie,Guo
266,Jessie,Gutierrez
267,Jessie,Liang
268,Jessie,Liu
269,Jessie,Jimenez
270,Jessie,Hu
271,Jessie,Huang
272,Jessie,Hernandez
273,Jessie,He
274,Jessie,Moreno
275,Jessie,Munoz
276,Jessie,Ma
277,Jessie,Ortega
278,Jessie,Navarro
279,Jessie,Ramos
280,Jessie,Serrano
281,Jessie,Sanz
282,Jessie,Rubio
283,Jessie,Suarez
284,Jessie,She
285,Jessie,Romero
286,Jessie,Travers
287,Jessie,Valerio
288,Jessie,Wang
289,Jessie,Vazquez
290,Jessie,Yang
291,Jessie,Ye
292,Jessie,Wu
293,Jessie,Xu
294,Jessie,Zeng
295,Jessie,Zhao
296,Jessie,Zheng
297,Jessie,Zhou
298,Jessie,Zhu
299,Jossef,Goldberg
300,Jossef,Goldberg
301,Marissa,Gonzales
302,Marissa,Griffin
303,Marissa,Hayes
304,Marissa,Foster
305,Marissa,Flores
306,Marissa,Diaz
307,Marissa,Coleman
308,Marissa,Butler
309,Marissa,Bryant
310,Marissa,Bennett
311,Marissa,Barnes
312,Marissa,Perry
313,Marissa,Powell
314,Marissa,Price
315,Marissa,Henderson
316,Marissa,Hughes
317,Marissa,Long
318,Marissa,Washington
319,Marissa,Wood
320,Marissa,Simmons
321,Marissa,Ross
322,Melissa,Rogers
323,Melissa,Russell
324,Melissa,Sanchez
325,Melissa,Sanders
326,Melissa,Ramirez
327,Melissa,Rivera
328,Melissa,Richardson
329,Melissa,Simmons
330,Melissa,Stewart
331,Melissa,Wood
332,Melissa,Washington
333,Melissa,Ward
334,Melissa,Long
335,Melissa,Kelly
336,Melissa,Hughes
337,Melissa,Howard
338,Melissa,Jenkins
339,Melissa,Price
340,Melissa,Powell
341,Melissa,Peterson
342,Melissa,Perry
343,Melissa,Patterson
344,Melissa,Marple
345,Melissa,Morgan
346,Melissa,Morris
347,Melissa,Murphy
348,Melissa,Barnes
349,Melissa,Bailey
350,Melissa,Bennett
351,Melissa,Alexander
352,Melissa,Bryant
353,Melissa,Butler
354,Melissa,Blue
355,Melissa,Brooks
356,Melissa,Coleman
357,Melissa,Diaz
358,Melissa,Cooper
359,Melissa,Cox
360,Melissa,Cook
361,Melissa,Flores
362,Melissa,Foster
363,Melissa,Hayes
364,Melissa,Griffin
365,Melissa,Gonzales
366,Melissa,Gray
367,Ross,Gill
368,Ross,Gutierrez
369,Ross,Fernandez
370,Ross,Diaz
371,Ross,Carlson
372,Ross,Alvarez
373,Ross,Arun
374,Ross,Blanco
375,Ross,Munoz
376,Ross,Mehta
377,Ross,Martin
378,Ross,Martinez
379,Ross,Navarro
380,Ross,Patel
381,Ross,Perez
382,Ross,Prasad
383,Ross,Johnsen
384,Ross,Hernandez
385,Ross,Jordan
386,Ross,Lopez
387,Ross,Malhotra
388,Ross,Madan
389,Ross,Vazquez
390,Ross,Vance
391,Ross,Torres
392,Ross,Suarez
393,Ross,Srini
394,Ross,Suri
395,Ross,Subram
396,Ross,Rodriguez
397,Ross,Rana
398,Ross,Ramos
399,Ross,Raman
400,Ross,Sanchez
401,Ross,Sanz
402,Ross,Sara
403,Ross,Serrano
404,Ross,Rubio
405,Ross,Ruiz
406,Ross,Sai
407,Rossane,Thoreson
408,Russell,Tang
409,Russell,Sharma
410,Russell,She
411,Russell,Shen
412,Russell,Shan
413,Russell,Reed
414,Russell,Raji
415,Russell,Raje
416,Russell,Xu
417,Russell,Xie
418,Russell,Luo
419,Russell,Hunter
420,Russell,Lal
421,Russell,King
422,Russell,King
423,Russell,Jai
424,Russell,Rai
425,Russell,Nath
426,Russell,Nara
427,Russell,Black
428,Russell,Andersen
429,Russell,Anand
430,Russell,Carson
431,Russell,Chander
432,Russell,Deng
433,Russell,Goel
434,Vanessa,Gonzales
435,Vanessa,Griffin
436,Vanessa,Hayes
437,Vanessa,Flores
438,Vanessa,Foster
439,Vanessa,Diaz
440,Vanessa,Coleman
441,Vanessa,Butler
442,Vanessa,Bryant
443,Vanessa,Barnes
444,Vanessa,Price
445,Vanessa,Powell
446,Vanessa,Patterson
447,Vanessa,Perry
448,Vanessa,Jenkins
449,Vanessa,Henderson
450,Vanessa,Hughes
451,Vanessa,Long
452,Vanessa,Russell
453,Vanessa,Ross
454,Vanessa,Simmons
455,Vanessa,Tench
456,Vanessa,Washington
457,Vanessa,Wood
458,Vassar,Stern
