285,Syed,E,Abbas
2170,Kim,NULL,Abercrombie
38,Kim,B,Abercrombie
211,Hazem,E,Abolrous
2357,Sam,NULL,Abolrous
121,Pilar,G,Ackerman
67,Jay,G,Adams
270,François,P,Ajenstat
2102,Kim,NULL,Akers
2347,Kim,NULL,Akers
321,Lili,J.,Alameda
2262,Amy,NULL,Alberts
287,Amy,E,Alberts
207,Greg,F,Alderson
2104,Sean,NULL,Alexander
216,Sean,P,Alexander
2374,Michael,NULL,Allen
2375,Michael,NULL,Allen
227,Gary,E.,Altman
2363,Gary,E.,Altman
43,Nancy,A,Anderson
280,Pamela,O,Ansman-Wolfe
2303,Jan,T,Archer
2103,Karen,NULL,Archer
217,Zainal,T,Arifin
2359,Chris,NULL,Ashton
2349,Dan,NULL,Bacon
269,Dan,K,Bacon
2099,Beverly,NULL,Baker
41,Bryan,NULL,Baker
2312,Dan,NULL,Baker
104,Mary,R,Baker
395,Alberto,F.,Baltazar
2344,Julie,NULL,Bankert
399,Darrell,M.,Banks
401,Angela,NULL,Barbariol
115,Angela,W,Barbariol
403,David,NULL,Barber
262,David,M,Barber
2171,Josh,NULL,Barnhill
2301,Josh,NULL,Barnhill
2354,Josh,NULL,Barnhill
415,Norma,N.,Barrera
235,Paula,M,Barreto de Mattos
2369,Shay,NULL,Bashary
423,Ciro,J.,Bauer
425,Glenna,L.,Beanston
2311,Shaun,NULL,Beasley
433,Bradley,NULL,Beck
2331,Bradley,NULL,Beck
2365,Bradley,NULL,Beck
2309,Ann,NULL,Beebe
447,Ido,NULL,Ben-Sachar
2361,Ido,NULL,Ben-Sachar
20,Wanida,M,Benshoof
457,Richard,M.,Bentley
459,Marian,M.,Berch
267,Karen,A,Berg
461,Karen,NULL,Berge
220,Karen,R,Berge
467,Kris,R.,Bergin
469,Andreas,NULL,Berglund
214,Andreas,T,Berglund
125,Matthias,T,Berndt
231,Jo,L,Berry
2116,Joanna,NULL,Berry
126,Jimmy,T,Bischoff
485,Mary,NULL,Bishop
2117,Scott,NULL,Bishop
275,Michael,G,Blythe
499,Michael,L.,Bohling
2372,Luis,NULL,Bonifaz
16,David,M,Bradley
225,Alan,J,Brewer
529,Carol,J.,Brink
79,Eric,L,Brown
2324,Jo,NULL,Brown
27,Jo,A,Brown
17,Kevin,F,Brown
2157,Robert,NULL,Brown
2378,Sue,NULL,Brown
272,Janaina,Barreiro Gambaro,Bueno
2348,Janaina,Barreiro Gambaro,Bueno
2118,Brian,NULL,Burke
571,Ingrid,K.,Burkhardt
575,Ovidiu,NULL,Burlacu
593,Sylvia,A.,Caldwell
283,David,R,Campbell
2346,Jean,NULL,Campbell
2105,John,NULL,Campbell
62,John,T,Campbell
2106,Susan,NULL,Canuto
110,Jun,T,Cao
2248,Nicole,NULL,Caron
130,Rob,T,Caron
2355,Andy,NULL,Carothers
645,Matthew,NULL,Carroll
277,Jillian,NULL,Carson
2098,Walter,NULL,Cavestany
164,Andrew,M,Cencini
131,Baris,F,Cetinok
219,Sean,N,Chai
673,Greg,NULL,Chapman
213,Sootha,T,Charncherngkha
677,Hao,NULL,Chen
237,Hao,O,Chen
2329,John,NULL,Chen
184,John,Y,Chen
679,John,Y.,Chen
109,Alice,O,Ciccu
711,Teanna,M.,Cobb
2119,Pat,NULL,Coleman
232,Pat,H,Coleman
2272,Aaron,NULL,Con
266,Peter,I,Connelly
264,Stephanie,A,Conroy
2267,Linda,NULL,Contreras
2090,Cathan,NULL,Cook
2268,Cathan,NULL,Cook
83,Patrick,M,Cook
2193,Debra,NULL,Core
2158,Eva,NULL,Corets
747,Ryan,NULL,Cornelsen
86,Ryan,L,Cornelsen
749,Bruno,NULL,Costa Da Silva
11,Ovidiu,V,Cracium
82,Jack,T,Creasey
755,Sharon,A.,Crow
236,Grant,N,Culbertson
2238,David,NULL,Daniels
2366,David,NULL,Daniels
2249,Ryan,NULL,Danner
2235,Barbara,NULL,Decker
183,Barbara,S,Decker
2097,Luca,NULL,Dellamore
2330,Luca,NULL,Dellamore
19,Mary,A,Dempsey
2120,Molly,NULL,Dempsey
2351,Craig,NULL,Dewer
12,Thierry,B,D'Hers
192,Brenda,M,Diaz
2236,Holly,NULL,Dickson
2159,Andrew,NULL,Dixon
40,JoLynn,M,Dobney
2270,Blaine,NULL,Dockter
2302,Patricia,NULL,Doyle
78,Reuben,H,D'sa
39,Ed,R,Dudenhoefer
2237,Terri,NULL,Duffy
2,Terri,Lee,Duffy
2194,Jeff,NULL,Dulong
2195,Jeff,NULL,Dulong
2148,Bart,NULL,Duncan
63,Maciej,W,Dusza
158,Shelley,N,Dyck
159,Terrence,W,Earls
2121,Susan,NULL,Eaton
122,Susan,W,Eaton
2239,Ruth,NULL,Ellerbrock
48,Ruth,Ann,Ellerbrock
2160,Ruth,Ann,Ellerbrock
21,Terry,J,Eminhizer
119,Michael,T,Entin
5,Gail,A,Erickson
2095,Gregory,J,Erickson
103,Ebru,N,Ersan
865,Julie,P.,Estes
189,Janeth,M,Esteves
112,John,P,Evans
155,Fadi,K,Fakhouri
111,Suroor,R,Fatima
153,Hanying,P,Feng
68,Charles,B,Fitzgerald
2096,Kathie,NULL,Flood
209,Kathie,E,Flood
2373,Kelly,NULL,Focht
51,Jeffrey,L,Ford
2233,Mark,NULL,Frank
81,Mihail,U,Frintu
2162,Karen,NULL,Friske
178,John,N,Frum
2191,Alfredo,NULL,Fuentes Espinosa
917,Don,NULL,Funk
2269,Don,NULL,Funk
2123,Lawrie,NULL,Gaffney
2271,Janice,NULL,Galvin
13,Janice,M,Galvin
2192,Jon,NULL,Ganio
2258,Euan,NULL,Garden
2317,Leo,NULL,Giakoumakis
23,Mary,E,Gibson
28,Guy,R,Gilbert
955,David,L.,Givens
53,Diane,R,Glimp
208,Scott,R,Gode
2360,Mete,NULL,Goktepe
967,Jossef,NULL,Goldberg
6,Jossef,H,Goldberg
85,Brian,Richard,Goldstein
2307,Jenny,NULL,Gottfried
2163,Chris,NULL,Gray
2164,Chris,NULL,Gray
2240,Geoff,NULL,Grisso
2122,Brian,NULL,Groth
134,Eric,NULL,Gubbels
2299,Manish,NULL,Gupta
2150,Greg,NULL,Guzik
2263,Adina,NULL,Hagege
2100,Erin,NULL,Hagens
2241,Erin,NULL,Hagens
258,Erin,M,Hagens
1007,Don,NULL,Hall
118,Don,L,Hall
1005,Karen,E.,Hall
2141,David,NULL,Hamilton
127,David,P,Hamilton
25,James,R,Hamilton
2149,Maria,NULL,Hammond
2130,Jim,NULL,Hance
2264,Jim,NULL,Hance
2166,Sylvester,NULL,Hance
2364,Alex,NULL,Hankin
22,Sariya,E,Harnpadoungsataya
215,Mark,L,Harrington
2196,Arno,NULL,Harteveld
52,Doris,M,Hartwig
160,Jeff,V,Hay
2128,Clair,NULL,Hector
233,Magnus,E,Hedlund
255,Gordon,L,Hee
35,Brandon,G,Heidepriem
2298,Waleed,NULL,Heloo
2151,Kari,NULL,Hensien
1057,Deena,J.,Herman
185,Stefen,A,Hesse
50,Sidney,M,Higa
2256,Tom,NULL,Higginbotham
2127,Andrew,NULL,Hill
47,Andrew,R,Hill
2142,Annette,NULL,Hill
260,Annette,L,Hill
107,Christopher,E,Hill
261,Reinout,N,Hillmann
181,Michael,T,Hines
188,Douglas,B,Hite
2161,Brian,NULL,Hodges
2353,Helge,NULL,Hoeing
2368,Sharon,NULL,Hoepf
2356,Terry,NULL,Hoganson
59,Bob,N,Hohman
132,Nicole,B,Holliday
1103,Michael,NULL,Holm
1097,Holly,J.,Holt
105,Kevin,M,Homer
2282,Peter,NULL,Houston
2200,Jonathan,NULL,Huff
2129,Michael,J,Hummer
1123,Matthew,M.,Hunter
94,Russell,NULL,Hunter
2379,Ben,NULL,Hurt
172,Marc,J,Ingle
281,Shu,K,Ito
2168,Lisa,NULL,Jacobson
2197,Lisa,NULL,Jacobson
2288,Lisa,NULL,Jacobson
2101,George,NULL,Jiang
274,Stephen,Y,Jiang
49,Barry,K,Johnson
2165,David,NULL,Johnson
167,David,N,Johnson
240,Willis,T,Johnson
2281,Louis,NULL,Johnston
1179,Robert,E.,Jones
2370,Katie,NULL,Jordan
1189,Scott,B.,Kaffer
1193,Wendy,NULL,Kahn
2332,Wendy,NULL,Kahn
249,Wendy,Beth,Kahn
80,Sandeep,P,Kaliyath
106,John,T,Kane
2169,Lori,NULL,Kane
205,Lori,A,Kane
2362,Steven,H,Kastner
1207,Bonnie,NULL,Kearney
54,Bonnie,N,Kearney
2198,Kendall,NULL,Keil
58,Kendall,C,Keil
2199,Debra,NULL,Keiser
2250,Debra,NULL,Keiser
2257,Debra,NULL,Keiser
2244,Bob,NULL,Kelly
1221,Alice,L.,Kesterson
96,Elizabeth,I,Keyser
2242,Imtiaz,NULL,Khan
2325,Imtiaz,NULL,Khan
1225,Tammy,J.,Khan
66,Karan,R,Khanna
218,Tengiz,N,Kharatishvili
2107,Jim,NULL,Kim
186,Shane,S,Kim
2152,Tim,NULL,Kim
177,Russell,M,King
2367,Anton,NULL,Kirilov
228,Christian,E,Kleinerman
2265,Reed,NULL,Koch
175,Reed,T,Koch
2201,Sunil,NULL,Koduri
2297,Sunil,NULL,Koduri
2305,Sunil,NULL,Koduri
2316,Sunil,NULL,Koduri
161,Kirk,J,Koenigsbauer
46,Eugene,O,Kogan
128,Paul,B,Komosinski
42,James,D,Kramer
1263,James,D.,Kramer
114,Mindaugas,J,Krapauskas
26,Peter,J,Krebs
1267,James,J.,Krow
2245,Vamsi,NULL,Kuppa
123,Vamsi,N,Kuppa
257,Eric,S,Kurjan
2300,Ken,NULL,Kwok
226,Brian,P,LaMee
32,Rebecca,A,Laszlo
176,David,Oliver,Lawrence
2234,Kenneth,F,Ledyard
605,Deborah,M.,Lee
2153,Frank,NULL,Lee
200,Frank,T,Lee
2371,Roger,NULL,Lengel
120,Kitti,H,Lertpiriyasuwat
2206,Linda,NULL,Leste
2304,Linda,NULL,Leste
2266,Steven,NULL,Levy
1313,Steven,B.,Levy
2202,Judy,NULL,Lew
2274,Judy,NULL,Lew
170,George,Z,Li
2203,Yan,NULL,Li
2318,Yan,NULL,Li
152,Yuhong,L,Li
241,David,J,Liu
108,Jinghao,K,Liu
195,Kevin,H,Liu
2154,Run,NULL,Liu
2334,Run,NULL,Liu
201,Brian,T,Lloyd
2232,Bridgette,NULL,Lloyd
2289,Darin,NULL,Lockert
2326,Dawn,NULL,Lockert
93,Kok-Ho,T,Loh
1347,Jeremy,NULL,Los
36,Jose,R,Lugo
2204,Richard,NULL,Lum
1359,Sean,J.,Lunt
2296,Vidur,NULL,Luthra
238,Vidur,X,Luthra
230,Stuart,J,Macrae
60,Pete,C,Male
2131,Gabe,NULL,Mares
204,Gabe,B,Mares
8,Diane,L,Margheim
1389,Jill,K.,Markwood
2328,Benjamin,NULL,Martin
174,Benjamin,R,Martin
2205,Linda,NULL,Martin
2156,Mindy,NULL,Martin
2290,Mindy,NULL,Martin
239,Mindy,C,Martin
84,Frank,R,Martinez
2243,Linda,NULL,Martinez
2308,Sandra,NULL,Martinez
1401,Sandra,I.,Martinez
2155,Steve,NULL,Masters
69,Steve,F,Masters
9,Gigi,N,Matthew
2139,Joseph,NULL,Matthews
55,Taylor,R,Maxwell
29,Mark,K,McArthur
180,Katie,L,McAskill-White
193,Alejandro,E,McGuel
2207,Chris,NULL,McGurk
2147,Yvonne,NULL,McKay
187,Yvonne,S,McKay
2350,Nancy,NULL,McSharry Jensen
2273,Ed,NULL,Meadows
2167,John,NULL,Mehlert
2133,Darrell,NULL,Meisner
253,Linda,P,Meisner
2255,Raquel,NULL,Mello
1445,Gladys,F.,Mendiola
284,Tete,A,Mensa-Annan
1451,Susan,NULL,Metters
2314,Susan,NULL,Metters
2377,Susan,NULL,Metters
169,Susan,A,Metters
2140,Ken,NULL,Meyer
268,Ramesh,V,Meyyappan
45,Thomas,R,Michaels
179,Jan,S,Miksovsky
259,Ben,T,Miller
2287,Dylan,NULL,Miller
7,Dylan,A,Miller
2138,Frank,NULL,Miller
2231,Frank,NULL,Miller
57,Frank,T,Miller
182,Nitin,S,Mirchandani
276,Linda,C,Mitchell
2108,Scott,NULL,Mitchell
1487,Robert,NULL,Mitosinka
2291,Robert,NULL,Mitosinka
1491,Paula,B.,Moberly
1495,Jonathan,NULL,Moeller
1531,Greg,F.,Mohamed
2230,Salman,NULL,Mohamed
196,Shammi,G,Mohamed
1493,Suchitra,NULL,Mohan
34,Suchitra,O,Mohan
1499,Alan,L.,Monitor
1497,William,J.,Monroe
1501,Hillaine,N.,Montera
2132,Christie,NULL,Moon
1503,Bobby,NULL,Moore
2228,Bobby,NULL,Moore
1505,Barbara,NULL,Moreland
245,Barbara,C,Moreland
1507,Jon,NULL,Morris
113,Linda,K,Moschell
1509,Julia,NULL,Moseley
2137,Julia,NULL,Moseley
1511,Marie,E.,Moya
2226,Dan,NULL,Moyer
1513,Zheng,NULL,Mu
2275,Zheng,NULL,Mu
102,Zheng,W,Mu
1515,Salman,NULL,Mughal
1517,Albert,NULL,Mungin
1519,Stuart,NULL,Munson
206,Stuart,V,Munson
1521,Billie Jo,NULL,Murray
1523,Dorothy,J.,Myer
1525,Ken,NULL,Myer
203,Ken,L,Myer
2319,Linda,NULL,Myer
1529,Mandar,NULL,Naik
199,Paula,R,Nartker
1533,Mike,NULL,Nash
1535,Lorraine,NULL,Nay
2254,Lorraine,NULL,Nay
198,Lorraine,O,Nay
1537,Alex,NULL,Nayberg
163,Alex,M,Nayberg
1539,Jan,R.,Nelsen
1527,Suzanne,NULL,Nelson
1541,Amir,T.,Netz
77,Merav,A,Netz
210,Belinda,M,Newman
2225,William,NULL,Ngoh
2306,Aaron,NULL,Nicholls
2310,Chris,NULL,Nicholls
1543,Donals,E.,Nilson
117,Chad,W,Niswonger
1545,Toby,NULL,Nixon
2251,Toby,NULL,Nixon
1547,Laura,NULL,Norman
2229,Laura,NULL,Norman
2253,Laura,NULL,Norman
2280,Laura,NULL,Norman
234,Laura,F,Norman
221,Chris,K,Norred
1549,Fred,NULL,Northup
194,Fred,T,Northup
202,Tawana,G,Nusbaum
1553,Tim,NULL,O'Brien
1551,Michael,J,O'Connell
1555,Tina,Slone,O'Dell
2376,Claire,NULL,O'Donnell
254,Fukiko,J,Ogisu
1557,Robert,NULL,O'Hara
2292,Yoichiro,NULL,Okada
37,Chris,O,Okelberry
1561,Lee,M.,Olguin
1559,Nino,E.,Olivotto
1563,Tad,NULL,Orman
1565,Gloria,B.,Orona
70,David,J,Ortiz
2091,David,J,Ortiz
1571,David,J.,Ortiz
1567,Fred,A.,Ortiz
1569,John,E.,Ortiz
1573,Michiko,NULL,Osada
75,Michiko,F,Osada
1575,Stu,J.,Osborn
1583,Cristian,B.,Osorio
1577,Scott,NULL,Oveson
1579,Lori,NULL,Oviatt
1581,Jyothi,NULL,Pai
289,Jae,B,Pak
1585,Mosha,M.,Park
2223,Eric,NULL,Parkinson
2338,Jane,NULL,Parkinson
197,Rajesh,M,Patel
1587,Rajesh,M.,Patel
1589,Shyamalan,NULL,Pather
1591,Michael,NULL,Patten
116,Michael,W,Patten
1593,Trish,E.,Pederson
1595,Frank,NULL,Pellow
2115,Frank,NULL,Pellow
256,Frank,S,Pellow
229,Lori,K,Penor
1597,Lionel,NULL,Penuchot
191,Lionel,C,Penuchot
1599,Elizabeth,M.,Peoples
1601,John,NULL,Peoples
1603,Jonathan,NULL,Perera
1605,Tina,A.,Perko
2219,Cristian,NULL,Petculescu
87,Cristian,K,Petculescu
1607,James,NULL,Peters
2260,James,NULL,Peters
1609,Glin,J.,Peterson
1611,Sara,E.,Pettengill
1613,Carol,NULL,Philips
2144,Carol,NULL,Philips
76,Carol,M,Philips
2227,Michal,NULL,Piaseczny
2094,Jeff,NULL,Pike
1617,Pat,R.,Pinkston
1619,Paulo,Sergio Da Silva,Pinto
2189,Craig,NULL,Playstead
1621,Deborah,NULL,Poe
2143,Deborah,NULL,Poe
242,Deborah,E,Poe
1623,Grigory,NULL,Pogulsky
1625,Carole,NULL,Poland
73,Carole,M,Poland
1635,Josh,NULL,Pollock
1627,Cheryl,J.,Pompa
1629,Alma,B.,Poorbaugh
1631,Ethel,J.,Porter
1615,Patricia,B.,Porter
1633,Constance,J.,Posner
1637,Betty,J.,Potts
2221,Houman,NULL,Pournasseh
101,Houman,N,Pournasseh
165,Chris,T,Preston
1639,Fred,NULL,Preston
1641,Jeff,NULL,Price
2146,Jeff,NULL,Price
1643,Milton,M.,Pugh
1645,Sean,NULL,Purcell
1649,Mary Lou,M.,Quintana
1647,Monica,L.,Quintana
10,Michael,NULL,Raheem
1651,Kim,NULL,Ralls
2136,Kim,NULL,Ralls
2188,Kim,NULL,Ralls
124,Kim,T,Ralls
1653,Susan,J.,Ramos
1655,Cynthia,NULL,Randall
2336,Cynthia,NULL,Randall
145,Cynthia,S,Randall
157,Linda,A,Randall
252,Arvind,B,Rao
1657,Arvind,B.,Rao
1659,Simon,NULL,Rapier
2190,Simon,NULL,Rapier
44,Simon,D,Rapier
1661,Michael,S,Ray
71,Michael,Sean,Ray
1663,Suzann,K.,Reams
147,Sandra,NULL,Reátegui Alayo
2224,Amy,NULL,Recker
2352,Amy,NULL,Recker
1665,Michelle,B.,Rector
1667,Jamie,NULL,Reding
2222,Jamie,NULL,Reding
1671,Celine,J.,Reed
1669,Russell,A.,Reed
1673,Randy,NULL,Reeves
65,Randy,T,Reeves
2220,Marie,NULL,Reinhart
2261,Marie,NULL,Reinhart
2327,Linda,NULL,Reisner
279,Tsvi,Michael,Reiter
1675,Enoch,T,Remick
1681,Constance,J.,Remmington
74,Bjorn,M,Rettig
1679,Adam,J.,Reynolds
1683,Albert,A.,Rhodes
1677,Eric,E.,Rhodes
1685,Dave,NULL,Richards
1693,Thomas,M.,Richards
166,Jack,S,Richins
1687,Jack,S.,Richins
1689,Marie,M.,Richmeier
1691,William,J.,Richter
2185,Jennifer,NULL,Riegle
2277,Jennifer,NULL,Riegle
1695,Stacy,K.,Rizzi
1697,Leota,J.,Roberts
2323,John,NULL,Rodman
2313,Richard,NULL,Rosemont
133,Michael,L,Rothkugel
190,Robert,J,Rounthwaite
2333,Michael,NULL,Ruggiero
2145,Amy,NULL,Rusko
2187,Amy,NULL,Rusko
2276,Amy,NULL,Rusko
149,Andy,M,Ruth
2134,David,E,Ryan
156,Lane,M,Sacksteder
2174,Ajay,NULL,Salanki
15,Sharon,B,Salavaria
135,Ivo,William,Salmre
2186,Ivo,William,Salmre
154,Raymond,K,Sam
2216,Mandar,NULL,Samant
97,Mandar,H,Samant
140,Prasanna,E,Samarawickrama
1,Ken,J,Sánchez
251,Mikael,Q,Sandberg
282,José,Edvaldo,Saraiva
2217,Ciam,NULL,Sawyer
2315,Jim,NULL,Scardelis
95,Jim,H,Scardelis
2337,Gary,NULL,Schare
248,Mike,K,Seamans
2335,Scott,NULL,Seely
2135,Bonnie,NULL,Seidel
72,Steven,T,Selikoff
151,Rostislav,E,Shabalin
265,Ashvini,R,Sharma
2109,Lori,NULL,Shea
2252,Alan,NULL,Shen
2259,Janet,NULL,Sheperdigian
247,Janet,L,Sheperdigian
2218,Margie,NULL,Shoop
31,Margie,W,Shoop
2182,Shish,NULL,Shridhar
2183,Alexandre,NULL,Silva
2294,Anav,NULL,Silverman
30,Britta,L,Simon
144,Paul,R,Singh
2184,Ben,NULL,Smith
2285,Ben,NULL,Smith
56,Denise,H,Smith
2214,Frank,NULL,Smith
1787,Mahesh,NULL,Smith
138,Samantha,H,Smith
2286,Lorrin,NULL,Smith-Bates
2180,Tim,NULL,Sneath
2295,David,NULL,So
2283,Ajay,NULL,Solanki
100,Lolan,B,Song
137,Anibal,T,Sousa
1786,Kristin,R.,Spanaway
2176,Phil,NULL,Spencer
2341,Phil,NULL,Spencer
1785,Geraldine,T.,Spicer
243,Candy,L,Spoon
2293,Mahesh,NULL,Sreenivas
1788,Sethu,NULL,Srinivasan
88,Betsy,A,Stadick
1789,Annik,NULL,Stahl
33,Annik,O,Stahl
1790,Jeff,NULL,Stammler
1791,Carina,NULL,Stanev
1792,Beth,K.,Stanley
1793,Merrill,R.,Steel
1794,Joan,P.,Steele
162,Laura,C,Steele
1799,Heidi,NULL,Steen
2110,Heidi,NULL,Steen
2345,Jim,NULL,Stewart
1819,Louis,B.,Stotka
141,Min,G,Su
14,Michael,I,Sullivan
2178,Nate,NULL,Sun
143,Krishna,NULL,Sunkammurali
1847,Martin,J.,Svoboda
2179,Balaganesan,NULL,Swaminathan
1853,Manoj,NULL,Syamala
2322,Manoj,NULL,Syamala
2215,Tracy,NULL,Tallman
2339,Tracy,NULL,Tallman
3,Roberto,NULL,Tamburello
2093,Andy,NULL,Teal
98,Sameer,A,Tejani
61,Diane,H,Tibbott
90,Danielle,C,Tiedt
139,Hung-Fu,T,Ting
2177,Tony,NULL,Ting
2114,John,NULL,Tippett
1907,Dragan,NULL,Tomic
246,Dragan,K,Tomic
1919,James,R.,Tran
1921,Olga,J.,Trau
2175,Jean,NULL,Trenary
263,Jean,E,Trenary
2342,Jean,E.,Trenary
2284,Lynn,NULL,Tsoflias
286,Lynn,N,Tsoflias
1941,Mary,J.,Tullao
142,Olinda,C,Turner
223,Sairaj,L,Uddin
2181,Christopher,NULL,Underwood
288,Rachel,B,Valdez
136,Sylvester,A,Valdez
2113,James,NULL,Van Eaton
2111,Mandy,NULL,Vance
2173,Mandy,NULL,Vance
92,Tom,M,Vande Velde
150,Michael,T,Vanderhyde
1973,Carlos,M.,Vansant
278,Garrett,R,Vargas
290,Ranjit,R,Varkey Chudukatil
1995,Shane,P.,Vigil
1996,Homer,J.,Villa
1997,Eric,M.,Vincenzi
1998,Keith,N.,Virden
1999,Filomena,T.,Visser
2000,Helen,J.,Vlass
2001,William,NULL,Vong
224,William,S,Vong
2002,Florence,M.,Vonholt
2003,Florian,NULL,Voss
2343,Connie,NULL,Vrettos
2004,Janice,A.,Vrins
2005,Rohinton,NULL,Wadia
2006,Julie,P.,Waggoner
2007,Deb,NULL,Waldal
2112,Deb,NULL,Waldal
2209,Deb,NULL,Waldal
2009,Hazel,R.,Walker
2008,Silvia,M.,Walker
2010,Joanna,B.,Wall
4,Rob,NULL,Walters
2011,Bryan,NULL,Walton
244,Bryan,A,Walton
2012,Jian,Shuo,Wang
146,Jian Shuo,NULL,Wang
2213,Jian Shuo,NULL,Wang
2013,Qiang,NULL,Wang
2092,Qiang,NULL,Wang
2014,Tony,NULL,Wang
2015,Ruth,B.,Ward
2016,Clay,M.,Warthen
2017,Irene,J.,Watada
2018,Becky,R.,Waters
2019,Darren,M.,Watkins
148,Jason,M,Watters
2020,Jason,M.,Watters
2021,Kristin,M.,Watts
2022,Peter,NULL,Waxman
2023,Francis,F.,Weber
2024,Gregory,NULL,Weber
89,Patrick,C,Wedge
2025,Dorothy,L.,Weimer
273,Brian,S,Welcker
2026,Ole,A.,Weldon
2027,Alexandra,K.,Wellington
2028,Paul,NULL,West
2358,Paul,NULL,West
2029,Nigel,NULL,Westbury
2030,Kerry,N.,Westguard
2031,Gail,M.,Westover
2033,Sam,L.,Wheeler
2034,Wendy,NULL,Wheeler
2035,Vivian,M.,Whipple
2036,Cynthia,J.,White
2037,Mike,E.,White
2038,Vincent,T.,White
2039,Steven,K.,Whitehead
2040,Gregory,R.,Whiting
2041,Catherine,M.,Whitney
2042,Shawn,M.,Whitney
2043,Todd,K.,Whitney
2044,Kelly,J.,Whitworth
2210,Jim,NULL,Wickham
2126,Colin,NULL,Wilcox
2045,Jay,J.,Wilkie
2046,Benjamin,C.,Willett
2211,Jill,NULL,Williams
24,Jill,A,Williams
2032,Ann,B.,Wilson
2048,Dan,NULL,Wilson
2125,Dan,NULL,Wilson
271,Dan,B,Wilson
2047,Gloria,B.,Wilson
2049,James,C.,Wilson
2050,Kathleen,J.,Winter
2052,Barbara,K.,Wisnewski
2053,Mark,NULL,Wistrom
2054,Charlene,J.,Wojcik
2055,Audrey,E.,Wold
2056,Eunice,J.,Wolf
2057,Dorothy,M.,Wollesen
2058,John,NULL,Wood
18,John,L,Wood
2059,Caroline,M.,Woodard
2060,Sheela,NULL,Word
2246,Sheela,NULL,Word
2247,Sheela,NULL,Word
250,Sheela,H,Word
2340,Joe,NULL,Worden
2061,Michiel,NULL,Wories
2062,Michael,J.,Worland
2321,A.,Scott,Wright
222,A. Scott,NULL,Wright
2124,Kevin,NULL,Wright
2063,Steven,M.,Wright
2279,David,NULL,Wruck
2064,Peng,NULL,Wu
212,Peng,J,Wu
171,David,A,Yalovsky
2065,Lenore,J.,Yasi
2066,Arthur,NULL,Yasinski
2067,Tai,NULL,Yee
2208,Tai,NULL,Yee
2212,Tai,NULL,Yee
2320,Tai,NULL,Yee
2068,Joe,NULL,Yong
2070,Garrett,NULL,Young
168,Garrett,R,Young
2069,Richard,T.,Young
2071,Rob,NULL,Young
2072,Tom,NULL,Youtsey
99,Nuan,NULL,Yu
2073,Wei,NULL,Yu
2074,Ian,A.,Yuhasz
2075,Gary,NULL,Yukish
129,Gary,W,Yukish
2076,Greg,NULL,Yvkoff
2077,Eugene,NULL,Zabokritski
173,Eugene,R,Zabokritski
2078,Robert,NULL,Zare
2079,Michael,NULL,Zeman
2081,Frank,NULL,Zhang
2082,Larry,NULL,Zhang
2083,Arvid,B.,Ziegler
2080,Jo,J.,Zimmerman
2085,Juanita,J.,Zimmerman
91,Kimberly,B,Zimmerman
2172,Marc,NULL,Zimmerman
2084,Karin,NULL,Zimprich
2278,Karin,NULL,Zimprich
2086,Carla,J.,Zubaty
2087,Patricia,M.,Zubaty
2088,Judy,N.,Zugelder
64,Michael,J,Zwilling
2089,Michael,J.,Zwilling
