1,Ken,J,Sánchez
2,Terri,Lee,Duffy
3,Roberto,NULL,Tamburello
4,Rob,NULL,Walters
5,Gail,A,Erickson
6,Jossef,H,Goldberg
7,Dylan,A,Miller
8,Diane,L,Margheim
9,Gigi,N,Matthew
10,Michael,NULL,Raheem
11,Ovidiu,V,Cracium
12,Thierry,B,D'Hers
13,Janice,M,Galvin
14,Michael,I,Sullivan
15,Sharon,B,Salavaria
16,David,M,Bradley
17,Kevin,F,Brown
18,John,L,Wood
19,Mary,A,Dempsey
20,Wanida,M,Benshoof
21,Terry,J,Eminhizer
22,Sariya,E,Harnpadoungsataya
23,Mary,E,Gibson
24,Jill,A,Williams
25,James,R,Hamilton
26,Peter,J,Krebs
27,Jo,A,Brown
28,Guy,R,Gilbert
29,Mark,K,McArthur
30,Britta,L,Simon
31,Margie,W,Shoop
32,Rebecca,A,Laszlo
33,Annik,O,Stahl
34,Suchitra,O,Mohan
35,Brandon,G,Heidepriem
36,Jose,R,Lugo
37,Chris,O,Okelberry
38,Kim,B,Abercrombie
39,Ed,R,Dudenhoefer
40,JoLynn,M,Dobney
41,Bryan,NULL,Baker
42,James,D,Kramer
43,Nancy,A,Anderson
44,Simon,D,Rapier
45,Thomas,R,Michaels
46,Eugene,O,Kogan
47,Andrew,R,Hill
48,Ruth,Ann,Ellerbrock
49,Barry,K,Johnson
50,Sidney,M,Higa
51,Jeffrey,L,Ford
52,Doris,M,Hartwig
53,Diane,R,Glimp
54,Bonnie,N,Kearney
55,Taylor,R,Maxwell
56,Denise,H,Smith
57,Frank,T,Miller
58,Kendall,C,Keil
59,Bob,N,Hohman
60,Pete,C,Male
61,Diane,H,Tibbott
62,John,T,Campbell
63,Maciej,W,Dusza
64,Michael,J,Zwilling
65,Randy,T,Reeves
66,Karan,R,Khanna
67,Jay,G,Adams
68,Charles,B,Fitzgerald
69,Steve,F,Masters
70,David,J,Ortiz
71,Michael,Sean,Ray
72,Steven,T,Selikoff
73,Carole,M,Poland
74,Bjorn,M,Rettig
75,Michiko,F,Osada
76,Carol,M,Philips
77,Merav,A,Netz
78,Reuben,H,D'sa
79,Eric,L,Brown
80,Sandeep,P,Kaliyath
81,Mihail,U,Frintu
82,Jack,T,Creasey
83,Patrick,M,Cook
84,Frank,R,Martinez
85,Brian,Richard,Goldstein
86,Ryan,L,Cornelsen
87,Cristian,K,Petculescu
88,Betsy,A,Stadick
89,Patrick,C,Wedge
90,Danielle,C,Tiedt
91,Kimberly,B,Zimmerman
92,Tom,M,Vande Velde
93,Kok-Ho,T,Loh
94,Russell,NULL,Hunter
95,Jim,H,Scardelis
96,Elizabeth,I,Keyser
97,Mandar,H,Samant
98,Sameer,A,Tejani
99,Nuan,NULL,Yu
100,Lolan,B,Song
101,Houman,N,Pournasseh
102,Zheng,W,Mu
103,Ebru,N,Ersan
104,Mary,R,Baker
105,Kevin,M,Homer
106,John,T,Kane
107,Christopher,E,Hill
108,Jinghao,K,Liu
109,Alice,O,Ciccu
110,Jun,T,Cao
111,Suroor,R,Fatima
112,John,P,Evans
113,Linda,K,Moschell
114,Mindaugas,J,Krapauskas
115,Angela,W,Barbariol
116,Michael,W,Patten
117,Chad,W,Niswonger
118,Don,L,Hall
119,Michael,T,Entin
120,Kitti,H,Lertpiriyasuwat
121,Pilar,G,Ackerman
122,Susan,W,Eaton
123,Vamsi,N,Kuppa
124,Kim,T,Ralls
125,Matthias,T,Berndt
126,Jimmy,T,Bischoff
127,David,P,Hamilton
128,Paul,B,Komosinski
129,Gary,W,Yukish
130,Rob,T,Caron
131,Baris,F,Cetinok
132,Nicole,B,Holliday
133,Michael,L,Rothkugel
134,Eric,NULL,Gubbels
135,Ivo,William,Salmre
136,Sylvester,A,Valdez
137,Anibal,T,Sousa
138,Samantha,H,Smith
139,Hung-Fu,T,Ting
140,Prasanna,E,Samarawickrama
141,Min,G,Su
142,Olinda,C,Turner
143,Krishna,NULL,Sunkammurali
144,Paul,R,Singh
145,Cynthia,S,Randall
146,Jian Shuo,NULL,Wang
147,Sandra,NULL,Reátegui Alayo
148,Jason,M,Watters
149,Andy,M,Ruth
150,Michael,T,Vanderhyde
151,Rostislav,E,Shabalin
152,Yuhong,L,Li
153,Hanying,P,Feng
154,Raymond,K,Sam
155,Fadi,K,Fakhouri
156,Lane,M,Sacksteder
157,Linda,A,Randall
158,Shelley,N,Dyck
159,Terrence,W,Earls
160,Jeff,V,Hay
161,Kirk,J,Koenigsbauer
162,Laura,C,Steele
163,Alex,M,Nayberg
164,Andrew,M,Cencini
165,Chris,T,Preston
166,Jack,S,Richins
167,David,N,Johnson
168,Garrett,R,Young
169,Susan,A,Metters
170,George,Z,Li
171,David,A,Yalovsky
172,Marc,J,Ingle
173,Eugene,R,Zabokritski
174,Benjamin,R,Martin
175,Reed,T,Koch
176,David,Oliver,Lawrence
177,Russell,M,King
178,John,N,Frum
179,Jan,S,Miksovsky
180,Katie,L,McAskill-White
181,Michael,T,Hines
182,Nitin,S,Mirchandani
183,Barbara,S,Decker
184,John,Y,Chen
185,Stefen,A,Hesse
186,Shane,S,Kim
187,Yvonne,S,McKay
188,Douglas,B,Hite
189,Janeth,M,Esteves
190,Robert,J,Rounthwaite
191,Lionel,C,Penuchot
192,Brenda,M,Diaz
193,Alejandro,E,McGuel
194,Fred,T,Northup
195,Kevin,H,Liu
196,Shammi,G,Mohamed
197,Rajesh,M,Patel
198,Lorraine,O,Nay
199,Paula,R,Nartker
200,Frank,T,Lee
201,Brian,T,Lloyd
202,Tawana,G,Nusbaum
203,Ken,L,Myer
204,Gabe,B,Mares
205,Lori,A,Kane
206,Stuart,V,Munson
207,Greg,F,Alderson
208,Scott,R,Gode
209,Kathie,E,Flood
210,Belinda,M,Newman
211,Hazem,E,Abolrous
212,Peng,J,Wu
213,Sootha,T,Charncherngkha
214,Andreas,T,Berglund
215,Mark,L,Harrington
216,Sean,P,Alexander
217,Zainal,T,Arifin
218,Tengiz,N,Kharatishvili
219,Sean,N,Chai
220,Karen,R,Berge
221,Chris,K,Norred
222,A. Scott,NULL,Wright
223,Sairaj,L,Uddin
224,William,S,Vong
225,Alan,J,Brewer
226,Brian,P,LaMee
227,Gary,E.,Altman
228,Christian,E,Kleinerman
229,Lori,K,Penor
230,Stuart,J,Macrae
231,Jo,L,Berry
232,Pat,H,Coleman
233,Magnus,E,Hedlund
234,Laura,F,Norman
235,Paula,M,Barreto de Mattos
236,Grant,N,Culbertson
237,Hao,O,Chen
238,Vidur,X,Luthra
239,Mindy,C,Martin
240,Willis,T,Johnson
241,David,J,Liu
242,Deborah,E,Poe
243,Candy,L,Spoon
244,Bryan,A,Walton
245,Barbara,C,Moreland
246,Dragan,K,Tomic
247,Janet,L,Sheperdigian
248,Mike,K,Seamans
249,Wendy,Beth,Kahn
250,Sheela,H,Word
251,Mikael,Q,Sandberg
252,Arvind,B,Rao
253,Linda,P,Meisner
254,Fukiko,J,Ogisu
255,Gordon,L,Hee
256,Frank,S,Pellow
257,Eric,S,Kurjan
258,Erin,M,Hagens
259,Ben,T,Miller
260,Annette,L,Hill
261,Reinout,N,Hillmann
262,David,M,Barber
263,Jean,E,Trenary
264,Stephanie,A,Conroy
265,Ashvini,R,Sharma
266,Peter,I,Connelly
267,Karen,A,Berg
268,Ramesh,V,Meyyappan
269,Dan,K,Bacon
270,François,P,Ajenstat
271,Dan,B,Wilson
272,Janaina,Barreiro Gambaro,Bueno
273,Brian,S,Welcker
274,Stephen,Y,Jiang
275,Michael,G,Blythe
276,Linda,C,Mitchell
277,Jillian,NULL,Carson
278,Garrett,R,Vargas
279,Tsvi,Michael,Reiter
280,Pamela,O,Ansman-Wolfe
281,Shu,K,Ito
282,José,Edvaldo,Saraiva
283,David,R,Campbell
284,Tete,A,Mensa-Annan
285,Syed,E,Abbas
286,Lynn,N,Tsoflias
287,Amy,E,Alberts
288,Rachel,B,Valdez
289,Jae,B,Pak
290,Ranjit,R,Varkey Chudukatil
321,Lili,J.,Alameda
395,Alberto,F.,Baltazar
399,Darrell,M.,Banks
401,Angela,NULL,Barbariol
403,David,NULL,Barber
415,Norma,N.,Barrera
423,Ciro,J.,Bauer
425,Glenna,L.,Beanston
433,Bradley,NULL,Beck
447,Ido,NULL,Ben-Sachar
457,Richard,M.,Bentley
459,Marian,M.,Berch
461,Karen,NULL,Berge
467,Kris,R.,Bergin
469,Andreas,NULL,Berglund
485,Mary,NULL,Bishop
499,Michael,L.,Bohling
529,Carol,J.,Brink
571,Ingrid,K.,Burkhardt
575,Ovidiu,NULL,Burlacu
593,Sylvia,A.,Caldwell
605,Deborah,M.,Lee
645,Matthew,NULL,Carroll
673,Greg,NULL,Chapman
677,Hao,NULL,Chen
679,John,Y.,Chen
711,Teanna,M.,Cobb
747,Ryan,NULL,Cornelsen
749,Bruno,NULL,Costa Da Silva
755,Sharon,A.,Crow
865,Julie,P.,Estes
917,Don,NULL,Funk
955,David,L.,Givens
967,Jossef,NULL,Goldberg
1005,Karen,E.,Hall
1007,Don,NULL,Hall
1057,Deena,J.,Herman
1097,Holly,J.,Holt
1103,Michael,NULL,Holm
1123,Matthew,M.,Hunter
1179,Robert,E.,Jones
1189,Scott,B.,Kaffer
1193,Wendy,NULL,Kahn
1207,Bonnie,NULL,Kearney
1221,Alice,L.,Kesterson
1225,Tammy,J.,Khan
1263,James,D.,Kramer
1267,James,J.,Krow
1313,Steven,B.,Levy
1347,Jeremy,NULL,Los
1359,Sean,J.,Lunt
1389,Jill,K.,Markwood
1401,Sandra,I.,Martinez
1445,Gladys,F.,Mendiola
1451,Susan,NULL,Metters
1487,Robert,NULL,Mitosinka
1491,Paula,B.,Moberly
1493,Suchitra,NULL,Mohan
1495,Jonathan,NULL,Moeller
1497,William,J.,Monroe
1499,Alan,L.,Monitor
1501,Hillaine,N.,Montera
1503,Bobby,NULL,Moore
1505,Barbara,NULL,Moreland
1507,Jon,NULL,Morris
1509,Julia,NULL,Moseley
1511,Marie,E.,Moya
1513,Zheng,NULL,Mu
1515,Salman,NULL,Mughal
1517,Albert,NULL,Mungin
1519,Stuart,NULL,Munson
1521,Billie Jo,NULL,Murray
1523,Dorothy,J.,Myer
1525,Ken,NULL,Myer
1527,Suzanne,NULL,Nelson
1529,Mandar,NULL,Naik
1531,Greg,F.,Mohamed
1533,Mike,NULL,Nash
1535,Lorraine,NULL,Nay
1537,Alex,NULL,Nayberg
1539,Jan,R.,Nelsen
1541,Amir,T.,Netz
1543,Donals,E.,Nilson
1545,Toby,NULL,Nixon
1547,Laura,NULL,Norman
1549,Fred,NULL,Northup
1551,Michael,J,O'Connell
1553,Tim,NULL,O'Brien
1555,Tina,Slone,O'Dell
1557,Robert,NULL,O'Hara
1559,Nino,E.,Olivotto
1561,Lee,M.,Olguin
1563,Tad,NULL,Orman
1565,Gloria,B.,Orona
1567,Fred,A.,Ortiz
1569,John,E.,Ortiz
1571,David,J.,Ortiz
1573,Michiko,NULL,Osada
1575,Stu,J.,Osborn
1577,Scott,NULL,Oveson
1579,Lori,NULL,Oviatt
1581,Jyothi,NULL,Pai
1583,Cristian,B.,Osorio
1585,Mosha,M.,Park
1587,Rajesh,M.,Patel
1589,Shyamalan,NULL,Pather
1591,Michael,NULL,Patten
1593,Trish,E.,Pederson
1595,Frank,NULL,Pellow
1597,Lionel,NULL,Penuchot
1599,Elizabeth,M.,Peoples
1601,John,NULL,Peoples
1603,Jonathan,NULL,Perera
1605,Tina,A.,Perko
1607,James,NULL,Peters
1609,Glin,J.,Peterson
1611,Sara,E.,Pettengill
1613,Carol,NULL,Philips
1615,Patricia,B.,Porter
1617,Pat,R.,Pinkston
1619,Paulo,Sergio Da Silva,Pinto
1621,Deborah,NULL,Poe
1623,Grigory,NULL,Pogulsky
1625,Carole,NULL,Poland
1627,Cheryl,J.,Pompa
1629,Alma,B.,Poorbaugh
1631,Ethel,J.,Porter
1633,Constance,J.,Posner
1635,Josh,NULL,Pollock
1637,Betty,J.,Potts
1639,Fred,NULL,Preston
1641,Jeff,NULL,Price
1643,Milton,M.,Pugh
1645,Sean,NULL,Purcell
1647,Monica,L.,Quintana
1649,Mary Lou,M.,Quintana
1651,Kim,NULL,Ralls
1653,Susan,J.,Ramos
1655,Cynthia,NULL,Randall
1657,Arvind,B.,Rao
1659,Simon,NULL,Rapier
1661,Michael,S,Ray
1663,Suzann,K.,Reams
1665,Michelle,B.,Rector
1667,Jamie,NULL,Reding
1669,Russell,A.,Reed
1671,Celine,J.,Reed
1673,Randy,NULL,Reeves
1675,Enoch,T,Remick
1677,Eric,E.,Rhodes
1679,Adam,J.,Reynolds
1681,Constance,J.,Remmington
1683,Albert,A.,Rhodes
1685,Dave,NULL,Richards
1687,Jack,S.,Richins
1689,Marie,M.,Richmeier
1691,William,J.,Richter
1693,Thomas,M.,Richards
1695,Stacy,K.,Rizzi
1697,Leota,J.,Roberts
1785,Geraldine,T.,Spicer
1786,Kristin,R.,Spanaway
1787,Mahesh,NULL,Smith
1788,Sethu,NULL,Srinivasan
1789,Annik,NULL,Stahl
1790,Jeff,NULL,Stammler
1791,Carina,NULL,Stanev
1792,Beth,K.,Stanley
1793,Merrill,R.,Steel
1794,Joan,P.,Steele
1799,Heidi,NULL,Steen
1819,Louis,B.,Stotka
1847,Martin,J.,Svoboda
1853,Manoj,NULL,Syamala
1907,Dragan,NULL,Tomic
1919,James,R.,Tran
1921,Olga,J.,Trau
1941,Mary,J.,Tullao
1973,Carlos,M.,Vansant
1995,Shane,P.,Vigil
1996,Homer,J.,Villa
1997,Eric,M.,Vincenzi
1998,Keith,N.,Virden
1999,Filomena,T.,Visser
2000,Helen,J.,Vlass
2001,William,NULL,Vong
2002,Florence,M.,Vonholt
2003,Florian,NULL,Voss
2004,Janice,A.,Vrins
2005,Rohinton,NULL,Wadia
2006,Julie,P.,Waggoner
2007,Deb,NULL,Waldal
2008,Silvia,M.,Walker
2009,Hazel,R.,Walker
2010,Joanna,B.,Wall
2011,Bryan,NULL,Walton
2012,Jian,Shuo,Wang
2013,Qiang,NULL,Wang
2014,Tony,NULL,Wang
2015,Ruth,B.,Ward
2016,Clay,M.,Warthen
2017,Irene,J.,Watada
2018,Becky,R.,Waters
2019,Darren,M.,Watkins
2020,Jason,M.,Watters
2021,Kristin,M.,Watts
2022,Peter,NULL,Waxman
2023,Francis,F.,Weber
2024,Gregory,NULL,Weber
2025,Dorothy,L.,Weimer
2026,Ole,A.,Weldon
2027,Alexandra,K.,Wellington
2028,Paul,NULL,West
2029,Nigel,NULL,Westbury
2030,Kerry,N.,Westguard
2031,Gail,M.,Westover
2032,Ann,B.,Wilson
2033,Sam,L.,Wheeler
2034,Wendy,NULL,Wheeler
2035,Vivian,M.,Whipple
2036,Cynthia,J.,White
2037,Mike,E.,White
2038,Vincent,T.,White
2039,Steven,K.,Whitehead
2040,Gregory,R.,Whiting
2041,Catherine,M.,Whitney
2042,Shawn,M.,Whitney
2043,Todd,K.,Whitney
2044,Kelly,J.,Whitworth
2045,Jay,J.,Wilkie
2046,Benjamin,C.,Willett
2047,Gloria,B.,Wilson
2048,Dan,NULL,Wilson
2049,James,C.,Wilson
2050,Kathleen,J.,Winter
2052,Barbara,K.,Wisnewski
2053,Mark,NULL,Wistrom
2054,Charlene,J.,Wojcik
2055,Audrey,E.,Wold
2056,Eunice,J.,Wolf
2057,Dorothy,M.,Wollesen
2058,John,NULL,Wood
2059,Caroline,M.,Woodard
2060,Sheela,NULL,Word
2061,Michiel,NULL,Wories
2062,Michael,J.,Worland
2063,Steven,M.,Wright
2064,Peng,NULL,Wu
2065,Lenore,J.,Yasi
2066,Arthur,NULL,Yasinski
2067,Tai,NULL,Yee
2068,Joe,NULL,Yong
2069,Richard,T.,Young
2070,Garrett,NULL,Young
2071,Rob,NULL,Young
2072,Tom,NULL,Youtsey
2073,Wei,NULL,Yu
2074,Ian,A.,Yuhasz
2075,Gary,NULL,Yukish
2076,Greg,NULL,Yvkoff
2077,Eugene,NULL,Zabokritski
2078,Robert,NULL,Zare
2079,Michael,NULL,Zeman
2080,Jo,J.,Zimmerman
2081,Frank,NULL,Zhang
2082,Larry,NULL,Zhang
2083,Arvid,B.,Ziegler
2084,Karin,NULL,Zimprich
2085,Juanita,J.,Zimmerman
2086,Carla,J.,Zubaty
2087,Patricia,M.,Zubaty
2088,Judy,N.,Zugelder
2089,Michael,J.,Zwilling
2090,Cathan,NULL,Cook
2091,David,J,Ortiz
2092,Qiang,NULL,Wang
2093,Andy,NULL,Teal
2094,Jeff,NULL,Pike
2095,Gregory,J,Erickson
2096,Kathie,NULL,Flood
2097,Luca,NULL,Dellamore
2098,Walter,NULL,Cavestany
2099,Beverly,NULL,Baker
2100,Erin,NULL,Hagens
2101,George,NULL,Jiang
2102,Kim,NULL,Akers
2103,Karen,NULL,Archer
2104,Sean,NULL,Alexander
2105,John,NULL,Campbell
2106,Susan,NULL,Canuto
2107,Jim,NULL,Kim
2108,Scott,NULL,Mitchell
2109,Lori,NULL,Shea
2110,Heidi,NULL,Steen
2111,Mandy,NULL,Vance
2112,Deb,NULL,Waldal
2113,James,NULL,Van Eaton
2114,John,NULL,Tippett
2115,Frank,NULL,Pellow
2116,Joanna,NULL,Berry
2117,Scott,NULL,Bishop
2118,Brian,NULL,Burke
2119,Pat,NULL,Coleman
2120,Molly,NULL,Dempsey
2121,Susan,NULL,Eaton
2122,Brian,NULL,Groth
2123,Lawrie,NULL,Gaffney
2124,Kevin,NULL,Wright
2125,Dan,NULL,Wilson
2126,Colin,NULL,Wilcox
2127,Andrew,NULL,Hill
2128,Clair,NULL,Hector
2129,Michael,J,Hummer
2130,Jim,NULL,Hance
2131,Gabe,NULL,Mares
2132,Christie,NULL,Moon
2133,Darrell,NULL,Meisner
2134,David,E,Ryan
2135,Bonnie,NULL,Seidel
2136,Kim,NULL,Ralls
2137,Julia,NULL,Moseley
2138,Frank,NULL,Miller
2139,Joseph,NULL,Matthews
2140,Ken,NULL,Meyer
2141,David,NULL,Hamilton
2142,Annette,NULL,Hill
2143,Deborah,NULL,Poe
2144,Carol,NULL,Philips
2145,Amy,NULL,Rusko
2146,Jeff,NULL,Price
2147,Yvonne,NULL,McKay
2148,Bart,NULL,Duncan
2149,Maria,NULL,Hammond
2150,Greg,NULL,Guzik
2151,Kari,NULL,Hensien
2152,Tim,NULL,Kim
2153,Frank,NULL,Lee
2154,Run,NULL,Liu
2155,Steve,NULL,Masters
2156,Mindy,NULL,Martin
2157,Robert,NULL,Brown
2158,Eva,NULL,Corets
2159,Andrew,NULL,Dixon
2160,Ruth,Ann,Ellerbrock
2161,Brian,NULL,Hodges
2162,Karen,NULL,Friske
2163,Chris,NULL,Gray
2164,Chris,NULL,Gray
2165,David,NULL,Johnson
2166,Sylvester,NULL,Hance
2167,John,NULL,Mehlert
2168,Lisa,NULL,Jacobson
2169,Lori,NULL,Kane
2170,Kim,NULL,Abercrombie
2171,Josh,NULL,Barnhill
2172,Marc,NULL,Zimmerman
2173,Mandy,NULL,Vance
2174,Ajay,NULL,Salanki
2175,Jean,NULL,Trenary
2176,Phil,NULL,Spencer
2177,Tony,NULL,Ting
2178,Nate,NULL,Sun
2179,Balaganesan,NULL,Swaminathan
2180,Tim,NULL,Sneath
2181,Christopher,NULL,Underwood
2182,Shish,NULL,Shridhar
2183,Alexandre,NULL,Silva
2184,Ben,NULL,Smith
2185,Jennifer,NULL,Riegle
2186,Ivo,William,Salmre
2187,Amy,NULL,Rusko
2188,Kim,NULL,Ralls
2189,Craig,NULL,Playstead
2190,Simon,NULL,Rapier
2191,Alfredo,NULL,Fuentes Espinosa
2192,Jon,NULL,Ganio
2193,Debra,NULL,Core
2194,Jeff,NULL,Dulong
2195,Jeff,NULL,Dulong
2196,Arno,NULL,Harteveld
2197,Lisa,NULL,Jacobson
2198,Kendall,NULL,Keil
2199,Debra,NULL,Keiser
2200,Jonathan,NULL,Huff
2201,Sunil,NULL,Koduri
2202,Judy,NULL,Lew
2203,Yan,NULL,Li
2204,Richard,NULL,Lum
2205,Linda,NULL,Martin
2206,Linda,NULL,Leste
2207,Chris,NULL,McGurk
2208,Tai,NULL,Yee
2209,Deb,NULL,Waldal
2210,Jim,NULL,Wickham
2211,Jill,NULL,Williams
2212,Tai,NULL,Yee
2213,Jian Shuo,NULL,Wang
2214,Frank,NULL,Smith
2215,Tracy,NULL,Tallman
2216,Mandar,NULL,Samant
2217,Ciam,NULL,Sawyer
2218,Margie,NULL,Shoop
2219,Cristian,NULL,Petculescu
2220,Marie,NULL,Reinhart
2221,Houman,NULL,Pournasseh
2222,Jamie,NULL,Reding
2223,Eric,NULL,Parkinson
2224,Amy,NULL,Recker
2225,William,NULL,Ngoh
2226,Dan,NULL,Moyer
2227,Michal,NULL,Piaseczny
2228,Bobby,NULL,Moore
2229,Laura,NULL,Norman
2230,Salman,NULL,Mohamed
2231,Frank,NULL,Miller
2232,Bridgette,NULL,Lloyd
2233,Mark,NULL,Frank
2234,Kenneth,F,Ledyard
2235,Barbara,NULL,Decker
2236,Holly,NULL,Dickson
2237,Terri,NULL,Duffy
2238,David,NULL,Daniels
2239,Ruth,NULL,Ellerbrock
2240,Geoff,NULL,Grisso
2241,Erin,NULL,Hagens
2242,Imtiaz,NULL,Khan
2243,Linda,NULL,Martinez
2244,Bob,NULL,Kelly
2245,Vamsi,NULL,Kuppa
2246,Sheela,NULL,Word
2247,Sheela,NULL,Word
2248,Nicole,NULL,Caron
2249,Ryan,NULL,Danner
2250,Debra,NULL,Keiser
2251,Toby,NULL,Nixon
2252,Alan,NULL,Shen
2253,Laura,NULL,Norman
2254,Lorraine,NULL,Nay
2255,Raquel,NULL,Mello
2256,Tom,NULL,Higginbotham
2257,Debra,NULL,Keiser
2258,Euan,NULL,Garden
2259,Janet,NULL,Sheperdigian
2260,James,NULL,Peters
2261,Marie,NULL,Reinhart
2262,Amy,NULL,Alberts
2263,Adina,NULL,Hagege
2264,Jim,NULL,Hance
2265,Reed,NULL,Koch
2266,Steven,NULL,Levy
2267,Linda,NULL,Contreras
2268,Cathan,NULL,Cook
2269,Don,NULL,Funk
2270,Blaine,NULL,Dockter
2271,Janice,NULL,Galvin
2272,Aaron,NULL,Con
2273,Ed,NULL,Meadows
2274,Judy,NULL,Lew
2275,Zheng,NULL,Mu
2276,Amy,NULL,Rusko
2277,Jennifer,NULL,Riegle
2278,Karin,NULL,Zimprich
2279,David,NULL,Wruck
2280,Laura,NULL,Norman
2281,Louis,NULL,Johnston
2282,Peter,NULL,Houston
2283,Ajay,NULL,Solanki
2284,Lynn,NULL,Tsoflias
2285,Ben,NULL,Smith
2286,Lorrin,NULL,Smith-Bates
2287,Dylan,NULL,Miller
2288,Lisa,NULL,Jacobson
2289,Darin,NULL,Lockert
2290,Mindy,NULL,Martin
2291,Robert,NULL,Mitosinka
2292,Yoichiro,NULL,Okada
2293,Mahesh,NULL,Sreenivas
2294,Anav,NULL,Silverman
2295,David,NULL,So
2296,Vidur,NULL,Luthra
2297,Sunil,NULL,Koduri
2298,Waleed,NULL,Heloo
2299,Manish,NULL,Gupta
2300,Ken,NULL,Kwok
2301,Josh,NULL,Barnhill
2302,Patricia,NULL,Doyle
2303,Jan,T,Archer
2304,Linda,NULL,Leste
2305,Sunil,NULL,Koduri
2306,Aaron,NULL,Nicholls
2307,Jenny,NULL,Gottfried
2308,Sandra,NULL,Martinez
2309,Ann,NULL,Beebe
2310,Chris,NULL,Nicholls
2311,Shaun,NULL,Beasley
2312,Dan,NULL,Baker
2313,Richard,NULL,Rosemont
2314,Susan,NULL,Metters
2315,Jim,NULL,Scardelis
2316,Sunil,NULL,Koduri
2317,Leo,NULL,Giakoumakis
2318,Yan,NULL,Li
2319,Linda,NULL,Myer
2320,Tai,NULL,Yee
2321,A.,Scott,Wright
2322,Manoj,NULL,Syamala
2323,John,NULL,Rodman
2324,Jo,NULL,Brown
2325,Imtiaz,NULL,Khan
2326,Dawn,NULL,Lockert
2327,Linda,NULL,Reisner
2328,Benjamin,NULL,Martin
2329,John,NULL,Chen
2330,Luca,NULL,Dellamore
2331,Bradley,NULL,Beck
2332,Wendy,NULL,Kahn
2333,Michael,NULL,Ruggiero
2334,Run,NULL,Liu
2335,Scott,NULL,Seely
2336,Cynthia,NULL,Randall
2337,Gary,NULL,Schare
2338,Jane,NULL,Parkinson
2339,Tracy,NULL,Tallman
2340,Joe,NULL,Worden
2341,Phil,NULL,Spencer
2342,Jean,E.,Trenary
2343,Connie,NULL,Vrettos
2344,Julie,NULL,Bankert
2345,Jim,NULL,Stewart
2346,Jean,NULL,Campbell
2347,Kim,NULL,Akers
2348,Janaina,Barreiro Gambaro,Bueno
2349,Dan,NULL,Bacon
2350,Nancy,NULL,McSharry Jensen
2351,Craig,NULL,Dewer
2352,Amy,NULL,Recker
2353,Helge,NULL,Hoeing
2354,Josh,NULL,Barnhill
2355,Andy,NULL,Carothers
2356,Terry,NULL,Hoganson
2357,Sam,NULL,Abolrous
2358,Paul,NULL,West
2359,Chris,NULL,Ashton
2360,Mete,NULL,Goktepe
2361,Ido,NULL,Ben-Sachar
2362,Steven,H,Kastner
2363,Gary,E.,Altman
2364,Alex,NULL,Hankin
2365,Bradley,NULL,Beck
2366,David,NULL,Daniels
2367,Anton,NULL,Kirilov
2368,Sharon,NULL,Hoepf
2369,Shay,NULL,Bashary
2370,Katie,NULL,Jordan
2371,Roger,NULL,Lengel
2372,Luis,NULL,Bonifaz
2373,Kelly,NULL,Focht
2374,Michael,NULL,Allen
2375,Michael,NULL,Allen
2376,Claire,NULL,O'Donnell
2377,Susan,NULL,Metters
2378,Sue,NULL,Brown
2379,Ben,NULL,Hurt
